utilisateurID,nom,prenom,categorie,commune,num_rue,nom_rue
1,Chabot,Martin,élève,Andilly,4,rue du général Leclerc
2,Delboit,Julie, enseignant ,Eaubonne ,11,rue du château
3,Révard,Samuel, personnel de l’établissement, Ermont ,14,rue Victor Hugo
4,Dupré,Hugo, personnel de l’établissement,Le Plessis-Bouchard ,6,rue Simone Veil
5,Messi,Lionel,enseignant ,Margency ,2,rue du Québec
6,Lovelace,Ada,élève, Saint-Prix,16,avenue Foch
7,Révard,Olive, personnel de l’établissement,Montmorency ,7,Boulevard des Saules
8,Hopper,Grace,enseignant ,Saint-Gratien ,8,Rue du Quai 
9,Turing,Alan,élève, Saint-Leu la Forêt ,11,Rue de la Rivière 
10,Pinard,Robert,élève,Saint-Prix ,6,Route du Château 
11,Conégan,Matéo,élève,Eaubonne ,11,rue carpeaux
12,Emile,Caron,enseignant , Saint-Leu la Forêt ,21,Boulevard de Grandchamp
13,Jean-Pierre,Le bars,enseignant ,Eaubonne ,22, Rue de Port-Ã -loup
14,Lionel,Paulin,enseignant ,Eaubonne ,33, Avenue de Domrieu
15,Maxime,Bey,enseignant ,Eaubonne ,74, Ruelle de Locvaux
16,Damien,Poussin, personnel de l’établissement, Saint-Leu la Forêt ,84, Impasse de Clairesdouves
17,Kevin,Joubert, personnel de l’établissement,Margency ,42, Boulevard de Malecour
18,Kevin,Ribot, personnel de l’établissement,Margency ,2, Chemin de Grandchamp
19,Guillaume,Leclerc,élève,Eaubonne ,32, Route de Eaucourbe
20,Jonathan,Minier,élève,Andilly,11, Rue de Ormcourbe
21,Jacques,Filippi,élève,Andilly,4, Avenue de ChÃ¢teau-rÃ©al
22,Jean-FranÃ§ois,Samson,élève,Andilly,14, Ruelle de Laibrume
23,Jean-Paul,Leblond,personnel de l’établissement,Saint-Gratien ,77, Impasse de Roncerousse
24,Damien,Breuil,personnel de l’établissement, Ermont ,54, Boulevard de Ruderoche
25,Damien,Dos santos,élève, Ermont ,86, Chemin de Maleplaine
26,Albert,Po,personnel de l’établissement,Saint-Gratien ,54, Route de Granderoche
27,David,Boulay,élève,Eaubonne ,45, Rue de Vertetour
28,Raymond,Simon,enseignant ,Eaubonne ,49, Avenue de Vertepierre
29,Julien,Berthelot,enseignant ,Margency ,10, Ruelle de Richebord
30,Serge,Sueur,élève, Ermont ,7, Impasse de Roqueclair
